id/url,text,user.id_str,shared_url,retweet_count,favorite_count,total
1347296780640256001,Johnny Depp                      Amber Heard https://t.co/FCJAjm5O20,1.024747857704878e+18,https://twitter.com/deppressead/status/1347296780640256001/photo/1,9659,45203,54862
1365869653239730177,"So if Amber Heard is really fired from Aquaman 2 (and believe me, I REALLY hope she is) may I suggest Mera‚Äôs replacement... https://t.co/LUsgPPgXWf",531577673.0,https://twitter.com/Fudge__Supreme/status/1365869653239730177/photo/1,4088,33868,37956
1365896343193935874,"Just heard 'Amber Heard' has been fired from Aquaman 2. Anyway, all I wanna say is... https://t.co/0RTwVgyHXy",1.2253789255948698e+18,https://twitter.com/DesiLikhari/status/1365896343193935874/photo/1,1966,17135,19101
1365983647476645891,Emilia Clarke could be replacing Amber Heard as Mera in AQUAMAN 2 https://t.co/iacBu72QKJ,1.3061682528512e+18,https://twitter.com/cinephiIie/status/1365983647476645891/photo/1,1342,17752,19094
1365854938128146432,Me when Amber Heard gets fired from #Aquaman2: https://t.co/LWaTooenpB,9.508958313135104e+17,https://twitter.com/RedRangerChris/status/1365854938128146432/photo/1,2371,15744,18115
1347299087134175238,"Johnny Depp was telling the truth the whole time. 

The world owes him an apology. 

#AmberHeardIsALiar 
https://t.co/HZ5egIV6Hj",47953309.0,https://twitter.com/johnnycdebt/status/1323671350997901323/video/1,2398,12314,14712
1347291530185342976,üö® BREAKING : Amber Heard's lawyer has confirmed Amber did not donate her divorce settlement to charity and therefor lied to dying children and committed perjury in the UK #AmberHeardIsALiar #JusticeForJohnnyDepp https://t.co/ypd7vSxKO5,4583281223.0,https://twitter.com/MyGrindelwald/status/1347291530185342976/photo/1,3431,11212,14643
1365961400837951491,"It‚Äôs a lovely sunny morning and I‚Äôve just found out there‚Äôs rumours that Amber Heard has been fired from Aquaman 2, I‚Äôm hoping &amp; praying that this is true because if it is, Johnny Depp is slow but surely getting his well deserved justice Deppheads!! ‚úäüòÉ‚úä #JusticeForJohnnyDepp https://t.co/7yghu6Qx18",948421868.0,https://twitter.com/lynger2000/status/1365961400837951491/photo/1,1498,12759,14257
1365901443337576449,"Amber Heard fired form Aquaman 2? 
W https://t.co/bz0VE5VhOt",512966078.0,https://twitter.com/ThisIsRishi/status/1365901443337576449/photo/1,1174,11699,12873
1383129976220844039,"Let me say this again.... 

Johnny Depp HAS Police and medical staff testimonies, witness statements, CCTV, voice tapes and photographs to support his innocence.

He‚Äôs now dropped POLICE bodycam footage that also corroborate his account. 

#JusticeForJohnnyDepp https://t.co/Hj010f4UiJ",47953309.0,https://twitter.com/LittleNashyYup/status/1383129976220844039/photo/1,2124,9646,11770
1383077567117336577,Took a little break and had to come back to Johnny Depp thriving in my country while he proves (yet again) Amber Heard is a lying POS? Welcome back to me! https://t.co/7st26Zpq8L,233920757.0,https://www.google.es/amp/s/www.dailymail.co.uk/news/article-9474979/amp/Johnny-Depp-says-police-bodycam-footage-PROVES-Amber-Heard-lying.html,1639,9390,11029
1365420001327337474,Johnny Depp should replace Amber Heard in Aquaman 2. https://t.co/ionZO5EowO,8.372378614054871e+17,https://twitter.com/EddiePozos_/status/1365420001327337474/video/1,1630,9162,10792
1365958768626982913,‚ÄúAmber Heard‚Äù been fired from Aquaman 2. What goes around comes around...Remember Johnny Depp...#JusticeForJohnnyDepp https://t.co/tCA9UvUIJw,1.196806203634049e+18,https://twitter.com/Anthony41806183/status/1365958768626982913/photo/1,1019,9152,10171
1385258876946235394,Opening the #HappyBirthdayAmberHeard hashtag and seeing all the top posts are pro #JusticeForJohnnyDepp https://t.co/MmWIoTzYMP,20661164.0,https://twitter.com/kayleermanning/status/1385258876946235394/photo/1,785,9129,9914
1383084317929263107,the truth came out and he‚Äôs just thriving ‚ù§Ô∏è #JusticeForJohnnyDepp https://t.co/ZayK2kP0cj,1.2439306942896333e+18,https://twitter.com/deppboss/status/1383084317929263107/photo/1,934,7339,8273
1363024506562969603,#GameOfThrones star Emilia Clarke is rumored to replace Amber Heard as Mera in #Aquaman 2. Details: https://t.co/keByFWI8kS https://t.co/QTJBgRcClq,2190533812.0,connection error,1435,5570,7005
1363024506562969603,#GameOfThrones star Emilia Clarke is rumored to replace Amber Heard as Mera in #Aquaman 2. Details: https://t.co/keByFWI8kS https://t.co/QTJBgRcClq,2190533812.0,connection error,1435,5570,7005
1363024506562969603,#GameOfThrones star Emilia Clarke is rumored to replace Amber Heard as Mera in #Aquaman 2. Details: https://t.co/keByFWI8kS https://t.co/QTJBgRcClq,2190533812.0,connection error,1435,5570,7005
1363024506562969603,#GameOfThrones star Emilia Clarke is rumored to replace Amber Heard as Mera in #Aquaman 2. Details: https://t.co/keByFWI8kS https://t.co/QTJBgRcClq,2190533812.0,connection error,1435,5570,7005
1347261560952147968,"Amber Heard has been lying about donating to the Children's Hospital. She kept the money! The only amount they received was the initial amount from Johnny Depp in 2016!! If she will lie about donating money to sick children, what else will she lie about. #AmberHeardIsALiar https://t.co/JMeJNxGGwX",956184062.0,https://twitter.com/littlemismagic/status/1347261560952147968/photo/1,1407,5584,6991
1383094606913544195,"Body cam footage proves no damage and no wine stains in the hallway when the second set of officers arrived 

She altered the metadata.

She tampered with evidence.

#JusticeForJohnnyDepp https://t.co/bovAUHgjFz",9.53077628059226e+17,https://twitter.com/An_elf_pirate/status/1383094606913544195/photo/1,999,5443,6442
1383095909404250117,"Johnny Depp has proven, with evidence, that he was telling the truth... AGAIN.

Amber Heard has been proven, with evidence, that she is lying and faking being a victim of domestic abuse... AGAIN.

#JusticeForJohnnyDepp https://t.co/UUiA3ahYCl",7.753552564107018e+17,https://twitter.com/GellertDepp/status/1383095909404250117/photo/1,1157,5103,6260
1347267542562312192,"Where is the lie? RIGHT HEREüëá
#AmberHeardIsALiar #JusticeForJohnnyDepp https://t.co/uKEFvVA5PC",9.323102617379512e+17,https://twitter.com/tralalalumbum/status/1347267542562312192/photo/1,832,5254,6086
1347290153467969538,"#AmberHeardIsALiar is trending in the UK. 

 Nothing has made more sense in the last 12 months than this. https://t.co/uYLVzJogkk",47953309.0,https://twitter.com/LittleNashyYup/status/1347290153467969538/photo/1,669,4877,5546
1386396927114158080,"Alexa, play ‚ÄúPussy Talk‚Äù by City Girls üëØ‚Äç‚ôÄÔ∏èüí™üèª #workoutsongs #aquaman2 https://t.co/4hVbwGjpgB",8.070035676052275e+17,https://twitter.com/realamberheard/status/1386396927114158080/photo/1,450,4866,5316
1383082914460672001,"Amber Heard: #ReleaseTheBodycamCut

Johnny Depp whilst he releases the bodycam footage:

#JusticeForJohnnyDepp 

https://t.co/ez6p8Rx1zS",47953309.0,https://twitter.com/johnnycdebt/status/1383073963157377030/video/1,495,4729,5224
1385263715919044610,"Amber Heard blackmailed Johnny Depp. She filed for divorce, demanded he pay for a Range Rover, mortgages for 3 penthouses &amp; $50k per month for the rest of her life. He didn‚Äôt agree, so she falsely accused him of domestic abuse. #JusticeForJohnnyDepp #HappyBirthdayAmberHeard https://t.co/VhYYjjGScg",1924288669.0,https://twitter.com/depplyhaIIows/status/1385263715919044610/photo/1,860,4209,5069
1366031552489132034,"Amber Heard being fired from Aquaman 2 is the kind of gender equality we need. 

She abused multiple people, lied under oath, pretended to donate millions to sick &amp; dying children only to keep the money for her adventurous travels, list goes on.
#JusticeForJohnnyDepp https://t.co/CNWOxjyiYV",1.2610559236630938e+18,https://twitter.com/LillyJane916/status/1366031552489132034/photo/1,791,4269,5060
1365415073649426440,I heard Amber Heard was finally fired from Aquaman 2 and all I wanna say is...bless‚ú®üíÉ https://t.co/EPnh4v8QJX,8.846123311452447e+17,https://twitter.com/DoraDelVillar/status/1365415073649426440/photo/1,674,4347,5021
1347259483484000257,The letter in late June 2019 from the CHLA to Amber Heard stating they have received no more from her pledge of 3.5 million since Johnny Depp paid the initial 100k in 2016 before Amber threw her fit demanding she receive the money. Wow! #AmberHeardIsALiar #JusticeForJohnnyDepp https://t.co/v7iRdCooSe,1447911097.0,https://twitter.com/ThatBrianFella/status/1347259483484000257/photo/1,933,3811,4744
1351645881187987457,"Johnny Depp is trending so here's some cold hard facts. Amber Heard claimed she was assaulted to within an inch of her life, including broken bones and other horrible injuries. Less than 24 hours later she went to tape a flawless appearance on James Corden https://t.co/0HyrWN7dXz https://t.co/bwbM6Kogx7",1.1037377287750124e+18,connection error,1240,3311,4551
1351645881187987457,"Johnny Depp is trending so here's some cold hard facts. Amber Heard claimed she was assaulted to within an inch of her life, including broken bones and other horrible injuries. Less than 24 hours later she went to tape a flawless appearance on James Corden https://t.co/0HyrWN7dXz https://t.co/bwbM6Kogx7",1.1037377287750124e+18,connection error,1240,3311,4551
1351645881187987457,"Johnny Depp is trending so here's some cold hard facts. Amber Heard claimed she was assaulted to within an inch of her life, including broken bones and other horrible injuries. Less than 24 hours later she went to tape a flawless appearance on James Corden https://t.co/0HyrWN7dXz https://t.co/bwbM6Kogx7",1.1037377287750124e+18,connection error,1240,3311,4551
1351645881187987457,"Johnny Depp is trending so here's some cold hard facts. Amber Heard claimed she was assaulted to within an inch of her life, including broken bones and other horrible injuries. Less than 24 hours later she went to tape a flawless appearance on James Corden https://t.co/0HyrWN7dXz https://t.co/bwbM6Kogx7",1.1037377287750124e+18,connection error,1240,3311,4551
1384937607512133634,what‚Äôs the opposite of ‚Äòhorse whisperer‚Äô? üê¥üê¥üê¥ https://t.co/9uw8zVIxDv,8.070035676052275e+17,https://twitter.com/realamberheard/status/1384937607512133634/photo/1,274,4101,4375
1365405084134342663,"If Amber Heard has been fired from Aquaman 2, there's only one person who should be replacing her... https://t.co/o5y1UZWguw",1.273625933354799e+18,https://twitter.com/ViciousRevenant/status/1365405084134342663/photo/1,465,3817,4282
1385246188501454853,#HappyBirthdayAmberHeard I‚Äôll say it again fuck amber heard abusing ass. Deadass evidence of her saying she abused someone and people still siding with her... https://t.co/YIpUHXfo8c,1.1519526823552532e+18,https://twitter.com/kujo0817/status/1385246188501454853/photo/1,314,3888,4202
1383079433981079560,"OMG ITS HAPPENING! JUST WHEN WE THOUGHT TODAY COULDNT GET BETTER.üò≠‚úå

THE TRUTH ARRIVED AND SHE WANTS HER JUSTICE.

#JusticeForJohnnyDepp 
#JohnnyDepp 

https://t.co/w6hnGct4dL",8.052070702702592e+17,https://www.dailymail.co.uk/news/article-9474979/Johnny-Depp-says-police-bodycam-footage-PROVES-Amber-Heard-lying.html,603,3359,3962
1384587848062365698,a 4/20 throwback to my Pineapple Express days https://t.co/hMTZVNwdqu,8.070035676052275e+17,https://twitter.com/realamberheard/status/1384587848062365698/photo/1,209,3601,3810
1383087790259384331,"THE LYRICS!!!

""For better, for worse. The worse you've got. I WILL ALWAYS BE ME. YOU CANNOT."" üî•üî•üî•

#JohnnyDepp #JusticeForJohnnyDepp https://t.co/hUh3JwFt5K",415278846.0,https://twitter.com/Marussia15/status/1383087790259384331/video/1,463,3263,3726
1347269067812560906,"Is anyone surprised?
#AmberHeardIsALiar #JusticeForJohnnyDepp https://t.co/7zNQ1GIiUP",9.323102617379512e+17,https://twitter.com/tralalalumbum/status/1347269067812560906/photo/1,409,3130,3539
1383118384116736001,"do you also find it weird that the ""impressive witness"" Josh Drew is walking around in socks although there still might be broken glass laying on the floor?

yep, you guessed it right: Imo there has never been any broken glass

#JusticeForJohnnyDepp https://t.co/PGQZhyo4U0",1.0970723276433162e+18,https://twitter.com/KathsPaperwork/status/1383118384116736001/photo/1,402,3015,3417
1347302106160627713,Johnny Depp had to go through years of media torture with Amber Heard‚Äôs lies. Give the man some peace finally and lock that hoe up. #AmberHeardIsALiar https://t.co/ck7qh0cZWa,1.2888182741894308e+18,https://twitter.com/infinitumxnihil/status/1289639278931259400/video/1,421,2991,3412
1366040019257991171,Amber Heard at the DC Studios today https://t.co/a05CEDFlxo,1.267633985594823e+18,https://twitter.com/vitormaroso/status/1366040019257991171/photo/1,269,3021,3290
1365989707197407233,"I hope it‚Äôs true that Amber Heard is fired.

She abused Johnny Depp, she lied and said she was the victim, she hijacked movements, she stole a rape victims story, she told the whole world that no one would believe him cause he‚Äôs a man.

#JusticeForJohnnyDepp https://t.co/MBeJkhijgH",47953309.0,https://twitter.com/LittleNashyYup/status/1365989707197407233/photo/1,469,2625,3094
1347018584938188801,"Mais um derrota! O processo movido por difama√ß√£o de Johnny Depp contra a atriz Amber Heard teve o pedido recusado por um Juiz do EUA, e agora o ex-ator ter√° que pagar US$ 100 milh√µes para atriz por tentar sabotar a carreira da Amber criando notificas falsas em tabloides na m√≠dia. https://t.co/mLoE3SEj3G",8.841859093689016e+17,https://twitter.com/GN_GeekNation/status/1347018584938188801/photo/1,249,2672,2921
1383088404519337986,"No wine stains on the floor, no kicked in doors...

What a messy crime scene indeed!

#JusticeForJohnnyDepp https://t.co/ZHyTRWXsiD",9.53077628059226e+17,https://twitter.com/An_elf_pirate/status/1383088404519337986/video/1,391,2520,2911
1366024525100576771,"Amber Heard said 'Tell the world Johnny, tell them-I Johnny Depp, a man, I'm a victim too of domestic violence-&amp; see how many people believe or side with you'

And She never donated the settlement
#AmberHeardIsALiar 
#JusticeforJohnnyDepp #JohnnyDeppIsInnocent #MenCanBeVictimsToo https://t.co/oU1lT6PpSw",3309371255.0,https://twitter.com/LauraBockov/status/1366024525100576771/photo/1,560,2348,2908
1347384203692806146,"once again the world owes Johnny Depp a huge apology 

#JusticeForJohnnyDepp 
#AmberHeardIsALiar https://t.co/KebLbjwFr1",325909651.0,https://twitter.com/hometoharryx/status/1347384203692806146/photo/1,424,2475,2899
1347298452221341696,"Amber Heard steals from children with cancer

Johnny Depp tries to make them smile and holds them #JusticeForJohnnyDepp #AmberHeardIsALiar https://t.co/wn6k3V4nGt",4583281223.0,https://twitter.com/MyGrindelwald/status/1347298452221341696/photo/1,478,2307,2785
1352653939179724807,"Amber Heard: ""Johnny Depp was controlling...jealous...paranoid""

Meanwhile:
Soon after the August 2014 ""Bahamas Detox"" where she demanded to go &amp; controlled/withheld his meds, she goes through his phone &amp; asks Kate James to trace a number. So who was the controlling/paranoid one? https://t.co/lWyZC6tucD",1447911097.0,https://twitter.com/ThatBrianFella/status/1352653939179724807/photo/1,542,2195,2737
1385264430385090562,"#HappyBirthdayAmberHeard My gift to you is Jennifer Howell‚Äôs witness statement...ü•≥üéÅ

Enjoy üíã

#JusticeForJohnnyDepp https://t.co/hJrGEAL0nd",1.2863994941758382e+18,https://twitter.com/twistandshout77/status/1385264430385090562/photo/1,297,2392,2689
1360423121778585606,"#JusticeForJohnnyDepp 
#ILoveGinaCarano https://t.co/xtniHeRUkX",1.1032816547669892e+18,https://twitter.com/AnimeWoodsLife/status/1360423121778585606/photo/1,502,2183,2685
1365984823173672962,"Amber Heard is trending because so many people are thrilled that she may be fired from Aquaman 2 üòÇ it‚Äôs so great to see just how many people don‚Äôt believe her lies anymore 

#JusticeForJohnnyDepp https://t.co/t92xhLdFdo",8.079400528190013e+17,https://twitter.com/tielrex/status/1365984823173672962/photo/1,259,2417,2676
1349510456860418052,"Warner Bros has forced two different victims out of major franchises for speaking up about their abuse while continuing to employ and enable their abusers. WB is garbage.

Johnny Depp and Ray Fisher deserve better 

#JusticeForJohnnyDepp
#IStandWithRayFisher https://t.co/BOwwLfx9v1",3322798903.0,https://twitter.com/moviefan86/status/1349510456860418052/photo/1,563,2092,2655
1363875750445805568,"Jared Leto, Ray Fisher, Ben Affleck and Amber Heard shot by Zack Snyder https://t.co/kGyDvLBD7t",7.718747918548378e+17,https://twitter.com/bestofsnyder/status/1363875750445805568/photo/1,356,2280,2636
1385258196877684738,"Since #HappyBirthdayAmberHeard is trending, my gift to her is this bodycam footage that proves she was lying about DV to frame her victim and get away with her own actions.
#JusticeForJohnnyDepp 
https://t.co/RS4CclvuJr",1.1205800914639912e+18,https://www.dailymail.co.uk/news/article-9474979/amp/Johnny-Depp-says-police-bodycam-footage-PROVES-Amber-Heard-lying.html,390,2223,2613
1365892219639627780,"If it‚Äôs true that Amber Heard has been fired from Aquaman 2 then the only choice to replace her has got to be Emilia Clarke, right? https://t.co/NcBClyjqPP",1.3651885050858783e+18,https://twitter.com/drdoomsburner/status/1365892219639627780/photo/1,200,2358,2558
1365420612789952519,"UPDATE: Rumors of Amber Heard being replaced by Emilia Clarke as Mera in Aquaman 2 are getting stronger. I'm normally against cancel culture but after she lied in order to ruin Johnny Depp's career, I think that karma is just taking it's course (if true). #JusticeForJohnnyDepp https://t.co/4idhSutuCK",4296520829.0,https://twitter.com/priceoreason/status/1365420612789952519/photo/1,349,2192,2541
1353039221280436225,Captain Jack Sparrow is on the nice list and the fact that they cut Johnny Depp from Pirates of The Caribbean is disgusting especially after Amber Heard admitted that she lied. https://t.co/sbwzfjP8uX,1.332109767339176e+18,https://twitter.com/SantaDecides/status/1353039221280436225/photo/1,282,2212,2494
1347546523895296003,"BREAKING NEWS: It seems as though Johnny Depp's legal team has got some evidence that Amber Heard lied in court.

https://t.co/sB6SitpVru",8.065703692808643e+17,https://www.small-screen.co.uk/johnny-depp-new-evidence-against-amber-heard-could-prove-she-lied-in-court/,364,2117,2481
1383076477009334273,EXCLUSIVE: Johnny Depp says new police testimony and bodycam footage PROVES Amber Heard is lying about blowout fight https://t.co/sING5Ay5Mi,111556701.0,https://www.dailymail.co.uk/news/article-9474979/Johnny-Depp-says-police-bodycam-footage-PROVES-Amber-Heard-lying.html?ito=social-twitter_dailymailceleb,459,1942,2401
1347263460569214977,üó£ITS OFFICIALLY CONFIRMED THAT AMBER HEARD LEFT SICK KIDS IN A HOSPITAL WITHOUT ANY FINANCIAL HELP SHE PROMISED TO GIVE. SHE DID NOT DONATE A SINGLE PENNY OF HER 3.5$ MIL PLEDGE. EVERYONE NEEDS TO KNOW. RT THIS PLEASE. #AmberHeardIsAFraud https://t.co/9k6pPn4s7w,1.2888182741894308e+18,https://twitter.com/silence_exile/status/1347263460569214977/photo/1,692,1673,2365
1359966154056298497,"For clarity, since these are making the rounds again. This was February 24, 2020. IO messaged me, confessing he doesn't know the details of what happened during Johnny Depp's relationship with Amber Heard. He then continued to threaten me with litigation. https://t.co/6NYxOS4pfv",1447911097.0,https://twitter.com/ThatBrianFella/status/1359966154056298497/photo/1,444,1807,2251
1383092702254833667,"hey amber??? haven't you heard, your web of lies is unraveling at the speed of light. #JusticeForJohnnyDepp https://t.co/nC8RcBvDLx",1.2777373619258286e+18,https://twitter.com/tasintroybolton/status/1383092702254833667/photo/1,252,1982,2234
1383078504858841094,GUYS LAPD BODY CAM FOOTAGE WAS JUST DROPPED #JusticeForJohnnyDepp https://t.co/Vtj4jCUANV,1.2439306942896333e+18,https://twitter.com/deppboss/status/1383078504858841094/photo/1,391,1797,2188
1373502714940887041,Amber Heard was born to play Mera. She is PERFECT!!! #SnyderCut https://t.co/39rvS48h0Y,1030855230.0,https://twitter.com/CowgirlKxnny/status/1373502714940887041/photo/1,347,1810,2157
1364367863784628235,"""I did start a physical fight""
""I was hitting you"" 
""I can't promise you I won't get physical again""
""You will die a lonely man""

these are things that Amber Heard told Johnny Depp.

Now imagine if Johnny Depp (a man) said this to Amber Heard (a woman). 
#JusticeForJohnnyDepp https://t.co/zok5wii51B",1.222213950827303e+18,https://twitter.com/mortraineyswife/status/1364367863784628235/photo/1,294,1848,2142
1357337791756083200,johnny depp                      amber heard https://t.co/Jva2VD3dWF,2829046180.0,https://twitter.com/twhenneke/status/1357337791756083200/photo/1,398,1731,2129
1383094729005539329,"Every Vase, Every Candle, Every Bottle, Every Book, Every Frame, Every Single Piece of Fruit.
IT IS ALL NICE AND TIDY

LIARS ALL OF THEM
 #JusticeForJohnnyDepp 

https://t.co/OWyqYjfRZE",7.375857330959565e+17,https://www.dailymail.co.uk/news/article-9474979/Johnny-Depp-says-police-bodycam-footage-PROVES-Amber-Heard-lying.html,324,1781,2105
1364759098353451009,"Emilia Clarke sustituir√° a Amber Heard en ‚ÄúAquaman 2‚Äù, seg√∫n Forbes. https://t.co/68YPtYgqvP https://t.co/xlWsFOp6h7",14834302.0,connection error,104,1988,2092
1364759098353451009,"Emilia Clarke sustituir√° a Amber Heard en ‚ÄúAquaman 2‚Äù, seg√∫n Forbes. https://t.co/68YPtYgqvP https://t.co/xlWsFOp6h7",14834302.0,connection error,104,1988,2092
1364759098353451009,"Emilia Clarke sustituir√° a Amber Heard en ‚ÄúAquaman 2‚Äù, seg√∫n Forbes. https://t.co/68YPtYgqvP https://t.co/xlWsFOp6h7",14834302.0,connection error,104,1988,2092
1364759098353451009,"Emilia Clarke sustituir√° a Amber Heard en ‚ÄúAquaman 2‚Äù, seg√∫n Forbes. https://t.co/68YPtYgqvP https://t.co/xlWsFOp6h7",14834302.0,connection error,104,1988,2092
1351637716702801920,"Since JOHNNY DEPP is trending, this is a Reminder that he gave us one of the most of iconic characters in Movie history . And also Amber Heard should go to Jail for physically assaulting him. https://t.co/xTHvwd259M",1.342167314565755e+18,https://twitter.com/Tonny_Amaru/status/1351637716702801920/photo/1,258,1828,2086
1383084641108787200,"Such a messy ""crime"" scene...

Johnny Depp says police bodycam footage PROVES Amber Heard is lying https://t.co/FYAkDSmdNt via @MailOnline",1447911097.0,https://www.dailymail.co.uk/news/article-9474979/Johnny-Depp-says-police-bodycam-footage-PROVES-Amber-Heard-lying.html,354,1729,2083
1383038075773849604,"‚ÄúSeamos positivos, Trump ya no est√°. Las fuerzas del mal no siempre ganan‚Äù. 

-Johnny Depp (Abril, 2021)
#JusticeForJohnnyDepp https://t.co/By5Qg2ylrE",1.2565199004299796e+18,https://twitter.com/mrdeppourhero/status/1383038075773849604/photo/1,236,1775,2011
1351582501072990208,"Amber Heard has to pay Johnny Depp's attorney's fees because her request got denied üí•üí•üí•
#justiceforjohnnydepp https://t.co/Ct5G3MVJKv",4583281223.0,https://twitter.com/MyGrindelwald/status/1351582501072990208/photo/1,203,1765,1968
1383156020906692608,just fyi #JusticeForJohnnyDepp is trending WORLDWIDE right now https://t.co/v00NZAI0vq,1.2439306942896333e+18,https://twitter.com/deppboss/status/1383156020906692608/video/1,282,1671,1953
1346877524253560832,"Update:  Johnny Depp vs Amber Heard (Fairfax)
WOOHOO
Johnny won to have documents AH marked confidential, to be declassified.  

Order to follow
https://t.co/hzRIeEPnfd https://t.co/KaDmw6FBhz",3309371255.0,connection error,246,1691,1937
1346877524253560832,"Update:  Johnny Depp vs Amber Heard (Fairfax)
WOOHOO
Johnny won to have documents AH marked confidential, to be declassified.  

Order to follow
https://t.co/hzRIeEPnfd https://t.co/KaDmw6FBhz",3309371255.0,connection error,246,1691,1937
1346877524253560832,"Update:  Johnny Depp vs Amber Heard (Fairfax)
WOOHOO
Johnny won to have documents AH marked confidential, to be declassified.  

Order to follow
https://t.co/hzRIeEPnfd https://t.co/KaDmw6FBhz",3309371255.0,connection error,246,1691,1937
1346877524253560832,"Update:  Johnny Depp vs Amber Heard (Fairfax)
WOOHOO
Johnny won to have documents AH marked confidential, to be declassified.  

Order to follow
https://t.co/hzRIeEPnfd https://t.co/KaDmw6FBhz",3309371255.0,connection error,246,1691,1937
1376694907314839555,"GENTE PELO AMOR DE DEUS

A AMBER ME SEGUIU GENTE A AMBER HEARD ME SEGUIU AQUI A MERA O AMOR DA MINHA VIDA ME NOTOU DE NOVO MEU DEUS GENTE ELA AMBEEEEEEEEEEEER EU T√î ME TREMENDO TE AMO @realamberheard https://t.co/p9MCgICnbj",1.2535035102278902e+18,https://twitter.com/merakingdom/status/1376694907314839555/photo/1,49,1853,1902
1347104601451843584,"BIG WIN FOR JOHNNY DEPP! Depp's legal team granted an Emergency Hearing ahead of Amber Heard defamation trial to review confidential, previously classified, documents.

#JusticeForJohnnyDepp #AmberHeardisAGoldDigger #DeppVHeard

https://t.co/bdWMxvIuYq",1.1151649265767424e+18,https://poptopic.com.au/lifestyle/celebrities/johnny-depp-granted-emergency-hearing-ahead-of-amber-heard-trial/,298,1591,1889
1365590078458855433,"Los medios: ""Amber Heard ha sido sustituida por Emilia Clarke en su papel de Mera"".

Yo: https://t.co/F6X0Cb6XjK",557754665.0,https://twitter.com/ProfesorSnape/status/1365590078458855433/photo/1,219,1643,1862
1365757419016523780,So because Amber Heard is fired from Aquaman 2 I get to watch Jason Momoa shirtless for over two hours  https://t.co/LmuZFRefQ6,8.172340178418852e+17,https://twitter.com/doritkemsleys/status/1335737949179285509/video/1,129,1726,1855
1350269772093681664,This picture of Amber Heard crying is on the nice list! https://t.co/a5Nm1HvOsU,1.332109767339176e+18,https://twitter.com/SantaDecides/status/1350269772093681664/photo/1,80,1755,1835
1361476177353867264,"I wrote this article about the Amber Heard / Johnny Depp trial and a senior editor at my internship chose it as best article of the week ü•∫

Put a lot of research into this if anyone is interested

https://t.co/jRI9Mv6Mru",727284896.0,https://www.hercampus.com/school/west-chester/examining-lie-presenting-case-johnny-depp-s-innocence,384,1431,1815
1365729305406414917,"Amber heard is fired..!! üëä
Instant we and Johnny üòÇ
#johnnydepp 
#JusticeForJohnnyDepp https://t.co/qrofMXczDt",2835981431.0,https://twitter.com/captainJackie_/status/1365729305406414917/video/1,195,1602,1797
1383099168219148289,How does it feel to be on the right side of the roaring rapids guys? #JusticeForJohnnyDepp https://t.co/46JuC2gqTc,7.753552564107018e+17,https://twitter.com/GellertDepp/status/1383099168219148289/photo/1,147,1643,1790
1385260743214305280,"TW: Poop
So some Amber Heard stans thought they could just post #HappyBirthdayAmberHeard like she didn‚Äôt abuse Johnny Depp for years.

Here‚Äôs a reminder, she punched JD in the face on her birthday night in 2016 and then took a shit in his bed the next morning and left it there. https://t.co/3UjB2cUXRD",1.279084967084122e+18,https://twitter.com/daisylandq/status/1385260743214305280/photo/1,244,1524,1768
1347266035586654214,"Whatcha thinking about @NormanGoldenII? Amber Heard hasn't donated a dime like she claimed. You have staunchly defended her for years &amp; believed her on her word alone. She lied to you &amp; all of her followers. 
#AmberHeardIsALiar #JusticeForJohnnyDepp https://t.co/Ky3bgmJW9M",956184062.0,https://twitter.com/littlemismagic/status/1347266035586654214/photo/1,229,1481,1710
1345807793681530880,"I will always treasure this moment. The last we are ever going to see JD as the Legendary dark wizard 

#JohnnyDepp #DeppMovieNight #JusticeForJohnnyDepp https://t.co/0ZZr0vGAOQ",4052975662.0,https://twitter.com/BritFanofDepp/status/1345807793681530880/photo/1,123,1586,1709
1351583158899257349,"Update:  johnny Depp vs Amber Heard (fairfax). AH motion to Compel and Sanction Adam Waldman DENIED

JD motion to quash and sanctions against AH. GRANTED (vs or protective order-denied) GOOD! Granted is better 

Adam can be deposed if properly served. https://t.co/R8zq2LocmO",3309371255.0,https://twitter.com/LauraBockov/status/1351583158899257349/photo/1,242,1456,1698
1347258354788409345,"Amber Heard pocketed millions of dollars she promised to sick children!! Confirmed! 

https://t.co/cHpx5j6upY",1447911097.0,https://www.dailymail.co.uk/news/article-9118921/Johnny-Depp-accuses-Amber-Heard-taking-7M-settlement-lying-giving-charity.html,342,1353,1695
1347331896821178370,"JUSTICE FOR JOHNNY DEPP!
#AmberHeardIsALiar https://t.co/ZVLNNsendv",942268386.0,https://twitter.com/whatever/status/1347331896821178370/photo/1,255,1437,1692
1352463131113443329,"Carole Baskin                Amber Heard 

                           ü§ù

       still lying about what they did
              to their ex-husbands https://t.co/1Y0EsN7pcb",37315639.0,https://twitter.com/brittannia_a/status/1352463131113443329/photo/1,291,1398,1689
1346192212644786176,Amber Heard reportedly stole/withheld millions from a children's hospital A recent subpoena from the Johnny Depp legal team discovered that Amber Heard withheld millions from the Child Hospital of Los Angeles. https://t.co/OBjzRy36HT https://t.co/qFssaEaGdt,236410623.0,connection error,319,1286,1605
1346192212644786176,Amber Heard reportedly stole/withheld millions from a children's hospital A recent subpoena from the Johnny Depp legal team discovered that Amber Heard withheld millions from the Child Hospital of Los Angeles. https://t.co/OBjzRy36HT https://t.co/qFssaEaGdt,236410623.0,connection error,319,1286,1605
1346192212644786176,Amber Heard reportedly stole/withheld millions from a children's hospital A recent subpoena from the Johnny Depp legal team discovered that Amber Heard withheld millions from the Child Hospital of Los Angeles. https://t.co/OBjzRy36HT https://t.co/qFssaEaGdt,236410623.0,connection error,319,1286,1605
1346192212644786176,Amber Heard reportedly stole/withheld millions from a children's hospital A recent subpoena from the Johnny Depp legal team discovered that Amber Heard withheld millions from the Child Hospital of Los Angeles. https://t.co/OBjzRy36HT https://t.co/qFssaEaGdt,236410623.0,connection error,319,1286,1605
1385245879704166401,"Hoje √© anivers√°rio da Amber Heard, a int√©rprete da Mera em Liga da Justi√ßa, Aquaman e Aquaman 2, est√° completando 35 anos de idade! https://t.co/aioJpMZmQf",1.360009373590958e+18,https://twitter.com/_DCCBRASIL/status/1385245879704166401/photo/1,111,1479,1590
1384959087666925569,"While Johnny Depp sold the penthouse where he lived with Amber Heard cuz he couldn‚Äôt look at it anymore, she kept half of the furnitures including bed cover and the whole bed that they shared. Even keeping the horse that he gifted her to this day

She‚Äôs not a victim. Never was! https://t.co/MfARSvpcCR",1.279084967084122e+18,https://twitter.com/daisylandq/status/1384959087666925569/photo/1,220,1345,1565
1374092672575664137,"Amber Heard wasn't ""forced to come &amp; speak"". She demanded to attend the trial in it's entirety &amp; watch Johnny Depp give testimony about the abuse he suffered at her hands. Amber &amp; her abuse enablers wanted him to ""know what he's up against"". Intimidation. Classic abuser behavior! https://t.co/IaO3cxJ7k2",1447911097.0,https://twitter.com/ThatBrianFella/status/1374092672575664137/photo/1,332,1231,1563
1353376941315915778,"Joanna Bennett, uma das dubl√™s de Brie Larson, postou em seu instagram fotos com os trajes de Vers e Capit√£ Marvel.

Joanna tamb√©m foi dubl√™ da Amber Heard em ""Aquaman"" e da Gal Gadot em ""Liga da Justi√ßa"". O poder! https://t.co/RtIYp2UHN2",7.847588912970097e+17,https://twitter.com/CaptMarvelBR/status/1353376941315915778/photo/1,76,1485,1561
1376932112071294984,"Here it is! The new video ""Confessions of a Domestic Abuser"" is out now. May justice be heard and seen.
I hope you like it! ‚ù§Ô∏è

Enjoy!

#JusticeForJohnnyDepp 
#JohnnyDepp 

https://t.co/hXPeLu7VUX",8.052070702702592e+17,https://www.youtube.com/watch?v=JVQS0z6UAvk&feature=youtu.be,457,1094,1551
1351979894566051840,So I checked the mail...üòçüòçüòç  #JohnnyDepp #JusticeForJohnnyDepp https://t.co/AhULpMoovj,243532761.0,https://twitter.com/allyoop1990/status/1351979894566051840/photo/1,79,1454,1533
1351662300869120001,"Remember when AH filed a TRO against Johnny Depp claiming abuse and the very next day was seen with absolutely no injuries and no makeup on with rocky Pennington, laughing and smiling in glee after leaving her Lawyer‚Äôs office?  We do. #JusticeForJohnnyDepp https://t.co/QkPa2hRUCV",1.3078201258154844e+18,https://twitter.com/JulieWi01978654/status/1351662300869120001/photo/1,266,1263,1529
1366729196291063812,"I believed Johnny Depp in 2016
I believed Johnny Depp in 2017 
I believed Johnny Depp in 2018
I believed Johnny Depp in 2019
I believed Johnny Depp in 2020
I believe Johnny Depp in 2021
I will keep on believing Johnny Depp in 2022 .
Because he is innocent.
#JusticeForJohnnyDepp https://t.co/NAsSQ0sgaQ",3636994350.0,https://twitter.com/pomta5426/status/1366729196291063812/photo/1,255,1250,1505
1345874233407152128,"False Allegations of Domestic Violence should be prosecuted as CRIMES so that these vile victim perpetrators are deterred from persecuting people like #JohnnyDepp and many many others like him.

#JusticeForJohnnyDepp 
#TheCode üè¥‚Äç‚ò†Ô∏è https://t.co/CZGKwiwLjR",26545118.0,https://twitter.com/ellisgreg/status/1345874233407152128/photo/1,204,1266,1470
1351659641613201410,Remember when Amber Heard secretly hired a personal investigator to dig up something on Johnny Depp and after interviewing more than 100 people he found only good things about JD? ‚ÄúHe‚Äôs like an angel.‚Äù - PI #JusticeForJohnnyDepp https://t.co/TbpEfLAebA,1.2439306942896333e+18,https://twitter.com/deppboss/status/1351659641613201410/photo/1,268,1186,1454
1375925064059719680,Nova imagem de Amber Heard como Mera no #Snydercut https://t.co/Wz0ifcdTry,1.360009373590958e+18,https://twitter.com/UniversoDCnauta/status/1375919427900870656/photo/1,61,1390,1451
1383113573556236293,Isaac Baruch arrived after both sets of cops attended the ‚Äòmessy crime scene‚Äô. Police body cam footage shows no red wine stains on the hallway carpets. #JusticeForJohnnyDepp https://t.co/3IMDTUV9Te,1924288669.0,https://twitter.com/depplyhaIIows/status/1383113573556236293/photo/1,253,1189,1442
1369576614888112129,"Done! Colored pencils on black paper, A3 size. #JohnnyDepp #drawing #art #JusticeForJohnnyDepp https://t.co/dLGt7U67qZ",2482759902.0,https://twitter.com/A_Grabowiecka/status/1369576614888112129/photo/1,119,1319,1438
1375528943730765826,"Johnny Depp Didn't Lose - The UK Courts Let Amber Heard LIE! #JusticeForJohnnyDepp is more important than ever #AmberHeardIsALiar Share &amp; Spread the Word üî• 
https://t.co/oSIcwrORr0 https://t.co/xpqKpsnjhq",38678666.0,https://www.youtube.com/watch?v=SjtkduDGVNg&feature=youtu.be,310,1120,1430
1375528943730765826,"Johnny Depp Didn't Lose - The UK Courts Let Amber Heard LIE! #JusticeForJohnnyDepp is more important than ever #AmberHeardIsALiar Share &amp; Spread the Word üî• 
https://t.co/oSIcwrORr0 https://t.co/xpqKpsnjhq",38678666.0,https://www.youtube.com/watch?v=SjtkduDGVNg&feature=youtu.be,310,1120,1430
1375528943730765826,"Johnny Depp Didn't Lose - The UK Courts Let Amber Heard LIE! #JusticeForJohnnyDepp is more important than ever #AmberHeardIsALiar Share &amp; Spread the Word üî• 
https://t.co/oSIcwrORr0 https://t.co/xpqKpsnjhq",38678666.0,https://twitter.com/andysignore/status/1375528943730765826/photo/1,310,1120,1430
1375528943730765826,"Johnny Depp Didn't Lose - The UK Courts Let Amber Heard LIE! #JusticeForJohnnyDepp is more important than ever #AmberHeardIsALiar Share &amp; Spread the Word üî• 
https://t.co/oSIcwrORr0 https://t.co/xpqKpsnjhq",38678666.0,https://twitter.com/andysignore/status/1375528943730765826/photo/1,310,1120,1430
1383033867452440578,More! üòçüòçüòç #JohnnyDepp #JusticeForJohnnyDepp https://t.co/77rK6GVbqf,62052687.0,https://twitter.com/angy3101/status/1383033867452440578/photo/1,131,1297,1428
1357257814977241088,"@realamberheard We all know you're always the first to raise your hand to punch...  Sorry, to hit somebody.
""I wasn‚Äôt punching you Johnny I was f**king hitting you""
#AmberHeardIsAnAbuser https://t.co/eKIKA6AVZ7",415278846.0,https://twitter.com/Marussia15/status/1357257814977241088/video/1,107,1319,1426
1374853534492020736,Please let Johnny Depp get the justice he so thoroughly deserves! #justiceforjohnnydepp https://t.co/pbHVi1KA83,122441312.0,https://twitter.com/No_Reason_Jenz/status/1374853534492020736/photo/1,193,1225,1418
1351261828899364865,"""I took the years of verbal and physical abuse and only told those closest to me about it. The reward for my silence is that she has fabricated that she was the one that was abused""

- Johnny Depp

#JusticeForJohnnyDepp https://t.co/XYErcIwgKB",1.2961098713608763e+18,https://twitter.com/xxwhatsthepoint/status/1351261828899364865/photo/1,253,1143,1396
1346484738383613952,Lol amber heard interview disliked by over 400K people on you tube üòò #justiceforjohnnydepp #johnnydepp https://t.co/vuzC4Z9sjR,1.2932507946246144e+18,https://twitter.com/mrsdepp_head/status/1346484738383613952/photo/1,130,1265,1395
1347748583546773504,"This is the kind of energy to strive for.
#JusticeForJohnnyDepp #AmberHeardIsALiar https://t.co/HDf6DSUIY9",1447911097.0,https://twitter.com/ThatBrianFella/status/1347748583546773504/photo/1,143,1248,1391
1345855281763409927,"#JohnnyDepp is trending? Fabulous ‚Äî let‚Äôs all talk about how Amber Heard actually didn‚Äôt donate her $7 million divorce settlement to CHLA &amp; ACLU as she had pledged back in 2016. Instead, she just pretended like she did and even lied under oath in the UK about it. https://t.co/XLiwu8k2C3",1.2610559236630938e+18,https://twitter.com/LillyJane916/status/1345855281763409927/photo/1,261,1117,1378
1385253683638771714,"#JusticeForJohnnyDepp per ricordarvi che in questo mondo c‚Äô√® bisogno di giustizia, quella che johnny non ha ancora avuto.
c‚Äô√® bisogno di verit√†, quella che johnny ha sempre avuto e sostenuto.
e soprattutto c‚Äô√® bisogno di meno gente come lei.
sempre dalla tua parteü§çü§ûüèª https://t.co/TL53H2OIVh",1.221813989644165e+18,https://twitter.com/ynnadepp/status/1385253683638771714/photo/1,239,1130,1369
1363214286571638784,"Interesting how Amber Heard calls people not falling for her lies: ""bots"" or fake - while she doesn't even know how to display one single genuine facial expression.

But after all, abusers always gotta find ways to victimize themselves. #JusticeForJohnnyDepp https://t.co/O9aTnFHNha",1088984209.0,https://twitter.com/winonasrider/status/1363214286571638784/photo/1,217,1145,1362
1348958539360989184,"This is what Johnny Depp did!!
#JusticeForJohnnyDepp 
#AmberHeardIsAnAbuser https://t.co/bCMHAqjrxT",1.3064097292044e+18,https://twitter.com/johnnydepp_guy/status/1348958539360989184/photo/1,143,1209,1352
1356183129900412931,"I hope Johnny Depp is doing well and is surrounded by love and loyalty 

#JohnnyDepp #JusticeForJohnnyDepp https://t.co/kGyrV0TWyk",43320026.0,https://twitter.com/sharonakennedy/status/1356183129900412931/photo/1,156,1195,1351
1349837874808696833,"Durante o julgamento sobre o caso do Johnny Depp com a Amber Heard. Tiveram mensagens do Paul conversando com o Depp formas de matar, afogar e estuprar o cad√°ver morto de Amber. A Marvel Est√∫dios at√© agora n√£o se pronunciou sobre isso e muito menos os produtores de WandaVision. https://t.co/LICgekfF7C",8.794095072769147e+17,https://twitter.com/milywitching/status/1349837874808696833/photo/1,92,1250,1342
1346523588753502208,Johnny Depp has reached 9.2 million followers on instagram! üíûü•∞üíã #JusticeForJohnnyDepp https://t.co/SiVS70LwzF,4583281223.0,https://twitter.com/MyGrindelwald/status/1346523588753502208/photo/1,107,1230,1337
1385666524376092682,"üí•üí•üí•ü•∞ Amber Heard has to pay Johnny Depp's legal fees: $21,972.50 #JusticeForJohnnyDepp https://t.co/dye5hXLXUe",4583281223.0,https://twitter.com/MyGrindelwald/status/1385666524376092682/photo/1,172,1161,1333
1347272806963105794,"Amber Heard stole money from sick children and lied about donating her $7 million divorce settlement. #amberheardisafraud
#AmberHeardIsAnAbuser 
#AmberHeardIsALiar 
https://t.co/4eKCP3Sd4f",1.1037377287750124e+18,https://www.dailymail.co.uk/news/article-9118921/Johnny-Depp-accuses-Amber-Heard-taking-7M-settlement-lying-giving-charity.html,285,1037,1322
1375429026060382212,"The support is unwavering for a victim of abuse:  Johnny Depp.  Petitions continue to grow against the true abuser.  Amber Heard was found by Appeal Court to have lied and misled the courts and abused Johnny Depp on multiple occasions.  Sadly, the evidence came too late. https://t.co/JAWnn3wpcL",3309371255.0,https://twitter.com/LauraBockov/status/1375429026060382212/photo/1,263,1058,1321
1347252250285113345,EXCLUSIVE: Johnny Depp has accused Amber Heard of pocketing $7M divorce settlement and repeatedly 'lying' about giving it all to charity https://t.co/OjypyLU8px,111556701.0,https://www.dailymail.co.uk/news/article-9118921/Johnny-Depp-accuses-Amber-Heard-taking-7M-settlement-lying-giving-charity.html?ito=social-twitter_dailymailceleb,237,1082,1319
1385666267382784008,"Update. Johnny Depp vs Amber Heard. Even after Heard filed an opposition to the fees, the judge has ordered her to pay Johnny Depp 21,972.50 https://t.co/n3BpJOX9ZZ",3309371255.0,https://twitter.com/LauraBockov/status/1385666267382784008/photo/1,243,1058,1301
1358091440535072772,"I see how Hollywood was so fast to drop Marilyn Manson &amp; Armie Hammer and I can't help but think of Amber Heard telling Johnny Depp that no one would believe he's a victim bc he's a man.

She tortured him for years and Hollywood &amp; the media are allowing her to continue to do so. https://t.co/Z9z5JH5rcS",1.2961098713608763e+18,https://twitter.com/hearmeroarXx/status/1358091440535072772/video/1,251,1037,1288
1378583447699128322,"**PUBLIC AWARENESS NOTICE**
In case you aren't yet aware, the High Court Justices found that Amber Heard did beat Johnny Depp, that she is a liar, that she did not donate 7 million to charity, that she actually is a husband beater &amp; more. See a portion of their decision, below. https://t.co/x1cJTM7I4v",1399894056.0,https://twitter.com/_Mz2u/status/1378583447699128322/photo/1,308,976,1284
1383103103302516736,"How many times have we made this happen?

I‚Äôve lost count üòè

#JusticeForJohnnyDepp

#AmberHeardIsALiar https://t.co/ILRWnxHhtW",9.53077628059226e+17,https://twitter.com/An_elf_pirate/status/1383103103302516736/photo/1,126,1154,1280
1383078770542788632,Johnny Depp says police bodycam footage PROVES Amber Heard is lying https://t.co/HJSCL8bHlf via @MailOnline,3309371255.0,https://www.dailymail.co.uk/news/article-9474979/Johnny-Depp-says-police-bodycam-footage-PROVES-Amber-Heard-lying.html,190,1085,1275
1366062650111782914,"Amber Heard is still on the naughty list.
Her getting fired is nice however, and so is Karma. https://t.co/OiHdOxe3Xf",1.332109767339176e+18,https://twitter.com/SantaDecides/status/1366062650111782914/photo/1,82,1187,1269
1357112138481868802,"BREAKING: Johnny Depp's verdict from The Sun libel case could be overturned in March after emergency hearing with plenty of damaging new evidence against Amber Heard!

#JusticeForJohnnyDepp #AmberHeardIsALiar #JohnnyDeppAppeal #AmberHeardisAGoldDigger 

https://t.co/fbswW4smbh",1.1151649265767424e+18,https://poptopic.com.au/lifestyle/celebrities/johnny-depps-verdict-from-the-sun-libel-case-could-be-overturned/,213,1051,1264
1372258478463541250,"no matter what happens i will be proud of you
#JusticeForJohnnyDepp https://t.co/D9EHtoRKes",1.366003841435591e+18,https://twitter.com/deppsgrunge/status/1372258478463541250/photo/1,182,1080,1262
1366104961210343425,"""This is a rumor, that didn‚Äôt stop everyone from celebrating. Twitter exploded with praise for the victory when the news broke. There were so many tweets about Amber Heard being fired that the idea went viral almost immediately."" 

Take note @wbpictures  https://t.co/zhKD5wSIOZ",4583281223.0,https://www.sportskeeda.com/pop-culture/twitter-users-rejoice-amber-heard-reportedly-fired-aquaman-2,135,1127,1262
1384659883270737920,"Dear @TwitterSupport can you explain why you allowed @RealAmberHeard fans to suspend Johnny Depp's Lawyer @Adam_Waldman's account? He does not post private information, he shares public #JusticeForJohnnyDepp FACTS &amp; Amber is Proven LIAR &amp; public figure https://t.co/HnWsEZLXEU https://t.co/xrBn3Y5MfO",38678666.0,https://www.youtube.com/watch?v=Un1tiNm0jPs&feature=youtu.be,312,946,1258
1384659883270737920,"Dear @TwitterSupport can you explain why you allowed @RealAmberHeard fans to suspend Johnny Depp's Lawyer @Adam_Waldman's account? He does not post private information, he shares public #JusticeForJohnnyDepp FACTS &amp; Amber is Proven LIAR &amp; public figure https://t.co/HnWsEZLXEU https://t.co/xrBn3Y5MfO",38678666.0,https://www.youtube.com/watch?v=Un1tiNm0jPs&feature=youtu.be,312,946,1258
1384659883270737920,"Dear @TwitterSupport can you explain why you allowed @RealAmberHeard fans to suspend Johnny Depp's Lawyer @Adam_Waldman's account? He does not post private information, he shares public #JusticeForJohnnyDepp FACTS &amp; Amber is Proven LIAR &amp; public figure https://t.co/HnWsEZLXEU https://t.co/xrBn3Y5MfO",38678666.0,https://twitter.com/andysignore/status/1384659883270737920/photo/1,312,946,1258
1384659883270737920,"Dear @TwitterSupport can you explain why you allowed @RealAmberHeard fans to suspend Johnny Depp's Lawyer @Adam_Waldman's account? He does not post private information, he shares public #JusticeForJohnnyDepp FACTS &amp; Amber is Proven LIAR &amp; public figure https://t.co/HnWsEZLXEU https://t.co/xrBn3Y5MfO",38678666.0,https://twitter.com/andysignore/status/1384659883270737920/photo/1,312,946,1258
1364322724794007555,"Update. Johnny Depp vs Amber Heard 
Sadly, but as expected..

Trial date pushed to April 11, 2022 https://t.co/hWofjdY0wo",3309371255.0,https://twitter.com/LauraBockov/status/1364322724794007555/photo/1,216,1039,1255
1357869991459123200,This interview is so fkn cringe &amp; she‚Äôs clearly on something. How does anyone support her?! I don‚Äôt get it! #JusticeForJohnnyDepp #AmberHeardIsALiar #AmberHeardIsaPOS #JohnnyDepp #AmberHeard https://t.co/PFKa0t9WBS,1.2759679874517524e+18,https://twitter.com/nearlydear/status/1357869991459123200/video/1,224,1030,1254
1359562902882107397,"Update: Johnny Depp vs Amber Heard (CA). TWITTER
Twitter status update states they have narrowed it down to ""most offending"" 2 twitter accounts (UNNAMED) and that they still oppose providing the information unless court Compels. https://t.co/gqqSJzpCVg",3309371255.0,https://twitter.com/LauraBockov/status/1359562902882107397/photo/1,209,1045,1254
1366054714610233344,Since Johnny Depp is trending here‚Äôs a thread of some beautiful deeds he‚Äôs done through years ü§ç #JusticeForJohnnyDepp https://t.co/GOck0LTqM3,1.2439306942896333e+18,https://twitter.com/deppboss/status/1366054714610233344/photo/1,244,1008,1252
1359995028878278656,"On May 27, 2016: While Amber Heard was filling a temp restraining order request at an LA courthouse w/ fake bruises on her face &amp; drafting an extortion letter....

Johnny Depp was helping fit hearing aides for the deaf at a Starkey Hearing Foundation event in Lisbon, Portugal. https://t.co/QfiZIOD9x9",1.3468780472118927e+18,https://twitter.com/NamelessFere/status/1359995028878278656/photo/1,186,1060,1246
1357293354430644224,"@Marussia15 @realamberheard @wbpictures Amber Heard in her own audios admits to instigating physical fights with Johnny Depp and became enraged because he would always ""split"" and not stay and fight.
His ex-wife, admits: 'I did mean, I meant to hit you""
Instigating physical fights is not self-defense. https://t.co/RQJkJstN6c",3309371255.0,https://twitter.com/LauraBockov/status/1357293354430644224/photo/1,166,1078,1244
1349530409034539011,"""This was one of the cruelest things that she has ever done to me and I would not wish the pain that I had gone through upon anyone"" 

- Johnny Depp on Amber Heard withholding his medications.

#JusticeForJohnnyDepp
#AmberHeardIsAnAbuser https://t.co/Duzeiwhycz",1.2961098713608763e+18,https://twitter.com/xxwhatsthepoint/status/1349530409034539011/photo/1,225,1018,1243
1385266368317165578,"""Please get her out of this room now. She struck me about ten times, can't take any more"".

- Johnny Depp texting his bodyguard.

#HappyBirthdayAmberHeard 
#JusticeForJohnnyDepp https://t.co/HaA1K1J7Gz",1.293146611347071e+18,https://twitter.com/fury_marvel/status/1385266368317165578/photo/1,149,1090,1239
1348759868904271872,"‚ÄúShe came into my life to take from me anything worth taking, and then destroy what remained of it.‚Äù

- Johnny Depp

#JusticeForJohnnyDepp 
#AmberHeardIsAnAbuser https://t.co/hlI6IQo8g9",1.2961098713608763e+18,https://twitter.com/xxwhatsthepoint/status/1348759868904271872/photo/1,206,1025,1231
1345656199421652994,"BREAKING: Amber Heard LIED under oath in the UK. She withheld/stole MILLIONS in donations from sick and dying children at CHLA!  This is her third perjury offense.

#AmberHeardisAGoldDigger #AmberHeardIsALiar #AmberHeardForPrison #JusticeForJohnnyDepp

https://t.co/7VlphgZzgc",1.1151649265767424e+18,https://poptopic.com.au/lifestyle/celebrities/amber-heard-reportedly-stole-withheld-millions-from-a-childrens-hospital/,323,908,1231
1347589297709461506,"NEW VIDEO

Amber Heard may have been caught in one of her most massive lies. Court documents show that the $7M she said she‚Äôd donated still haven‚Äôt been... years later. That and more. 

https://t.co/D17rWnUkNS

RTs appreciated as YT hides this content.",8.707005618420531e+17,https://www.youtube.com/watch?v=btxFY3vWhNQ&feature=youtu.be,255,975,1230
1372290949502623745,"And a reminder that these embarrassing words are from Nicol and this is what Johnny and ALL male dv victims are up against! So if there's any justice left in the UK it has to be on the side of Johnny tomorrow!! üè¥‚Äç‚ò†Ô∏èüñ§

#JusticeForJohnnyDepp https://t.co/hrM29wm0uj",1.30311194758033e+18,https://twitter.com/JohnnyasR/status/1372290949502623745/photo/1,231,992,1223
1363260169287778307,"Seg√∫n Forbes, Emilia Clarke habr√≠a firmado ya para reemplazar a Amber Heard como Mera en #Aquaman2 üëÄ https://t.co/8IlEAQYeCF",8.266182551586775e+17,https://twitter.com/DCEUMX/status/1363260169287778307/photo/1,127,1094,1221
1362140349251145732,"Update:  Johnny Depp vs Amber Heard (Fairfax)
Johnny has filed another Motion to Compel Amber for further answers &amp; documents relative to her counterclaim. 1/2...

https://t.co/yUaulXvXCG https://t.co/J2jKoaj7MO",3309371255.0,connection error,205,999,1204
1362140349251145732,"Update:  Johnny Depp vs Amber Heard (Fairfax)
Johnny has filed another Motion to Compel Amber for further answers &amp; documents relative to her counterclaim. 1/2...

https://t.co/yUaulXvXCG https://t.co/J2jKoaj7MO",3309371255.0,connection error,205,999,1204
1362140349251145732,"Update:  Johnny Depp vs Amber Heard (Fairfax)
Johnny has filed another Motion to Compel Amber for further answers &amp; documents relative to her counterclaim. 1/2...

https://t.co/yUaulXvXCG https://t.co/J2jKoaj7MO",3309371255.0,connection error,205,999,1204
1362140349251145732,"Update:  Johnny Depp vs Amber Heard (Fairfax)
Johnny has filed another Motion to Compel Amber for further answers &amp; documents relative to her counterclaim. 1/2...

https://t.co/yUaulXvXCG https://t.co/J2jKoaj7MO",3309371255.0,connection error,205,999,1204
1350470271069773826,"""V√° e diga ao mundo Johnny: Eu, Johnny Depp, um homem, sou v√≠tima de viol√™ncia dom√©stica. E veja quantas pessoas v√£o acreditar ou ficar do seu lado""
- Amber Heard

#JusticeForJohnnyDepp https://t.co/KaG7Cs9Ogd",9.27931535541588e+17,https://twitter.com/deppbrazilfc/status/1225821624030695425/video/1,193,997,1190
1382136696104308736,"A man who is exhausted and has fallen asleep on the floor after two hours meet and greet in the rain.
The UK court may have judged this pic to be violent.
#WhatAMessyCrimeScene 
#JusticeForJohnnyDepp https://t.co/TncbxngKws",3636994350.0,https://twitter.com/pomta5426/status/1382136696104308736/photo/1,159,993,1152
1368972239018856454,"So should I just put all women on the nice list or what?

No... That Vegan Teacher and Amber Heard exist.

Okay most women are on the nice list! https://t.co/Rmdb5Ofva0",1.332109767339176e+18,https://twitter.com/SantaDecides/status/1368972239018856454/photo/1,59,1092,1151
1386447497107738629,Amber Heard ya est√° entrenando para regresar como Mera para AQUAMAN 2 üî± https://t.co/rPE21BfVEp,108919585.0,https://twitter.com/blogsuperheroes/status/1386447497107738629/photo/1,65,1066,1131
1359905521147461640,This is my #JohnnyDepp collection. Also called the drawer of happiness!üòÇ City of lies is on the way from Australia too! I'm always ready for a #DeppMovieNight! #JusticeForJohnnyDepp #JohnnyDeppIsInnocent #WeStandWithJohnnyDepp #Deppuary https://t.co/fx9IJHSXYx,1.3246519508188897e+18,https://twitter.com/KimmhyDepp/status/1359905521147461640/photo/1,79,1051,1130
1347477967757307906,"A little timeline
#AmberHeardIsALiar #AmberHeardisAGoldDigger #AmberHeard #AmberHeardIsAnAbuser #JohnnyDepp #JusticeForJohnnyDepp @adam_waldman @TheNamesQ
@StevieJRaw @andysignore @spirituallyemp1 @Deppology
@iAmShelbySoup @DailyMailCeleb @ChildrensLA @ThatBrianFell https://t.co/87T3aynMa7",1.3254730268262646e+18,https://twitter.com/fmp85633089/status/1347477967757307906/photo/1,256,856,1112
1352688653957541890,"Amber Heard ùóΩùóøùó∂ùòÉùóÆùòÅùó≤ùóπùòÜ in 2014: ""Can we track numbers my fiancee Johnny Depp gets texts from?""

‚¨áÔ∏è

Amber Heard ùóΩùòÇùóØùóπùó∂ùó∞ùóπùòÜ in 2021: ""Abusers exploit technology to spy on their victims""

#amberheardisanabuser
#justiceforjohnnydepp #thestand
(via @thatbrianfella) https://t.co/Doz4A35XmA",8.814904356754883e+17,https://twitter.com/marterinn/status/1352688653957541890/photo/1,242,869,1111
1347373782227447814,It looks like the only money Amber Heard ever gave the Children's Hospital Los Angeles was that first check from Johnny Depp -- less than 3% of what she pledged! https://t.co/1BQR0oZxLX,19329393.0,https://perezhilton.com/johnny-depp-amber-heard-divorce-money-charity-childrens-hospital-letter/,176,934,1110
1357774967056826371,"Update:  Johnny Depp vs Amber Heard (California)
Amber Heard filed a Status Report (Dear Judge can I please have my way). In her report, she identified a few tweets. https://t.co/cYH8TzSd9j",3309371255.0,https://twitter.com/LauraBockov/status/1357774967056826371/photo/1,183,926,1109
1359270900164669446,‚ÄúIt was later discovered that the judge who oversaw the Depp v The Sun libel case was close friends with the Murdoch family &amp; his own son was a colleague of the person who wrote the slanderous piece on Johnny Depp. He also had close ties with Amber Heard‚Äù https://t.co/dBRkO4DezO,9.53077628059226e+17,https://poptopic.com.au/lifestyle/celebrities/the-sun-photoshopped-amber-heard-fake-injuries-abuse-pictures/,237,870,1107
1364441433487327232,"Johnny Depp is right handed. So this ""bruise"" being on that side of her face makes no sense. 
Unless she did it herself, in which case it would. 
Thoughts?
#JusticeForJohnnyDepp https://t.co/7dxEifLfFN",1.348622020502827e+18,https://twitter.com/PieterdeKlerk13/status/1364441433487327232/photo/1,114,966,1080
1353779212457537538,"Update:  Johnny Depp vs Amber Heard (California)
LAPD is having none of AH nonsense

OPPOSITION NON-PARTY RESPONDENT LOS ANGELES POLICE DEPARTMENT'S OPPOSITION TO PETITIONER'S PITCHESS MOTION
(Not full document,  but you get the gist) https://t.co/NpZzcGkoAq",3309371255.0,https://twitter.com/LauraBockov/status/1353779212457537538/photo/1,191,888,1079
1375247112045277192,"Fim do caso! Nesta quinta-feira (25), a Alta Corte brit√¢nica negou a apela√ß√£o feita por Johnny Depp, e determinou que o ator realmente agrediu violentamente sua ex-esposa, Amber Heard, no relacionamento de cinco anos que eles tiveram. Com a d.. https://t.co/6kXC5gldNk (üì∏: Getty) https://t.co/L8KLKdEgWV",15292534.0,https://www.instagram.com/p/CM3LtqRLXAU/,53,1021,1074
1375247112045277192,"Fim do caso! Nesta quinta-feira (25), a Alta Corte brit√¢nica negou a apela√ß√£o feita por Johnny Depp, e determinou que o ator realmente agrediu violentamente sua ex-esposa, Amber Heard, no relacionamento de cinco anos que eles tiveram. Com a d.. https://t.co/6kXC5gldNk (üì∏: Getty) https://t.co/L8KLKdEgWV",15292534.0,https://www.instagram.com/p/CM3LtqRLXAU/,53,1021,1074
1375247112045277192,"Fim do caso! Nesta quinta-feira (25), a Alta Corte brit√¢nica negou a apela√ß√£o feita por Johnny Depp, e determinou que o ator realmente agrediu violentamente sua ex-esposa, Amber Heard, no relacionamento de cinco anos que eles tiveram. Com a d.. https://t.co/6kXC5gldNk (üì∏: Getty) https://t.co/L8KLKdEgWV",15292534.0,https://twitter.com/HugoGloss/status/1375247112045277192/photo/1,53,1021,1074
1375247112045277192,"Fim do caso! Nesta quinta-feira (25), a Alta Corte brit√¢nica negou a apela√ß√£o feita por Johnny Depp, e determinou que o ator realmente agrediu violentamente sua ex-esposa, Amber Heard, no relacionamento de cinco anos que eles tiveram. Com a d.. https://t.co/6kXC5gldNk (üì∏: Getty) https://t.co/L8KLKdEgWV",15292534.0,https://twitter.com/HugoGloss/status/1375247112045277192/photo/1,53,1021,1074
1367466357651030016,"Me and Johnny Depp, Venice Italy 2015.
I was so happy to meet him!
But I was NOT happy to meet Amber Heard üêç
#JohnnyDepp #JusticeForJohnnyDepp https://t.co/PybEMhU3vn",1.3674566735987016e+18,https://twitter.com/Sani_SunBlonde/status/1367466357651030016/photo/1,126,938,1064
1383097813454753793,#JusticeForJohnnyDepp is trending after police bodycam footage shows that Amber Heard lied about Johnny trashing their apartment! üôåüèª https://t.co/rQ6kK2jTuZ,1.228743291996459e+18,https://twitter.com/sunflxwervolsix/status/1383097813454753793/photo/1,147,909,1056
1385265048512307204,"The abuse enablers made a whole #HappyBirthdayAmberHeard hashtag celebrating a confessed abuser, only for the hashtag to turn against them. 

Anyway enjoy the backlash and next time, support survivors. #JusticeForJohnnyDepp https://t.co/6ptOWswiDy",1088984209.0,https://twitter.com/winonasrider/status/1385265048512307204/photo/1,108,940,1048
1363312388888535042,"Seg√∫n Forbes, la actriz #EmiliaClarke ya habria firmado para reemplazar√° Amber Heard como Mera en la secuela de #Aquaman https://t.co/3lbI119UMn",1.2969915263760837e+18,https://twitter.com/AluenMarouf/status/1363312388888535042/photo/1,91,954,1045
1347420183837569027,"Now that the #AmberHeardIsALiar is trending on Twitter, we'll post all our related articles under this hashtag.  Let's start with her confessing to beating Johnny Depp #JusticeForJohnnyDepp.

https://t.co/wpzTggXCVf",1.1151649265767424e+18,https://poptopic.com.au/entertainment/movies/amber-heard-caught-on-tape-admitting-to-hitting-johnny-depp/,206,834,1040
1347311475396931585,"Amber Heard said in the UK high court that she had donated the ENTIRE divorce settlement.

Amber Heard's lawyer has confirmed Amber did not donate her divorce settlement to charity

Ambers claim UNDER OATH cost Johnny Depp to lose The Sun libel case

#AmberHeardIsALiar https://t.co/VKCmTW9mCx",59267151.0,https://twitter.com/Shellys_Wellie/status/1347311475396931585/photo/1,213,822,1035
1383181630886453250,"Johnny Depp really won today! Not only did he get mass support at his film premiere but also bopped to his own song while the body cam dropped AND #JusticeForJohnnyDepp trended worldwide! Stay calm and keep moving forward ‚ú®

 https://t.co/ofRbHo1E1O",1.279084967084122e+18,https://twitter.com/johnnycdebt/status/1383073963157377030/video/1,159,872,1031
1373648185088937988,Daily reminder that Amber Heard is still an abuser. https://t.co/JHgWy8na70,8.287047404899656e+17,https://twitter.com/LetsTaIkBatman/status/1373648185088937988/photo/1,152,869,1021
1347909154602692609,"Update:  Johnny Depp vs Amber Heard (Fairfax)
Lots more subpoenas issued.  One for deposition, and one for documents https://t.co/UDvFglFv8l",3309371255.0,https://twitter.com/LauraBockov/status/1347909154602692609/photo/1,117,903,1020
1346065715040808961,"Amber Heard reportedly in talks to star in a Mera TV show spinoff on HBO Max.

(https://t.co/E5ukakeTnx) https://t.co/4O2qgtd25L",1.1865815410880922e+18,connection error,124,891,1015
1346065715040808961,"Amber Heard reportedly in talks to star in a Mera TV show spinoff on HBO Max.

(https://t.co/E5ukakeTnx) https://t.co/4O2qgtd25L",1.1865815410880922e+18,connection error,124,891,1015
1346065715040808961,"Amber Heard reportedly in talks to star in a Mera TV show spinoff on HBO Max.

(https://t.co/E5ukakeTnx) https://t.co/4O2qgtd25L",1.1865815410880922e+18,connection error,124,891,1015
1346065715040808961,"Amber Heard reportedly in talks to star in a Mera TV show spinoff on HBO Max.

(https://t.co/E5ukakeTnx) https://t.co/4O2qgtd25L",1.1865815410880922e+18,connection error,124,891,1015
1373394810585944071,Well it‚Äôs the last thing you expect to find when you open the paper in the morning #JusticeForJohnnyDepp üëèüèº https://t.co/qq4KJfw7vr,7.753552564107018e+17,https://twitter.com/GellertDepp/status/1373394810585944071/photo/1,181,827,1008
